{"cameraMode":{"drawMode":0,"name":"Shaded","section":"Shading Mode"},"sceneLighting":false,"audioPlay":false,"sceneViewState":{"m_AlwaysRefresh":false,"showFog":true,"showSkybox":false,"showFlares":true,"showImageEffects":true,"showParticleSystems":true,"showVisualEffectGraphs":true,"m_FxEnabled":true},"in2DMode":false,"pivot":{"x":0.17515787482261659,"y":0.5809099674224854,"z":0.6676048040390015},"rotation":{"x":0.06578084826469422,"y":-0.7875800132751465,"z":0.08539097756147385,"w":0.6067119240760803},"size":0.1812620908021927,"orthographic":false}