{"cameraMode":{"drawMode":0,"name":"Shaded","section":"Shading Mode"},"sceneLighting":false,"audioPlay":false,"sceneViewState":{"m_AlwaysRefresh":false,"showFog":true,"showSkybox":false,"showFlares":true,"showImageEffects":true,"showParticleSystems":true,"showVisualEffectGraphs":true,"m_FxEnabled":true},"in2DMode":false,"pivot":{"x":0.1568891853094101,"y":0.3978242874145508,"z":0.2330130636692047},"rotation":{"x":0.04571964219212532,"y":-0.8503799438476563,"z":0.07493923604488373,"w":0.5187965035438538},"size":0.7232248187065125,"orthographic":true}